Title,Price,Date
That Wasn't Very Data Driven of You Data Analyst Teacher Unisex Shirt Gift Women Men,37.47,2026-01-20
That Wasn't Very Data Driven of You Data Analyst Teacher Unisex Shirt Gift Women Men,37.47,2026-01-20
That Wasn't Very Data Driven of You Data Analyst Teacher Unisex Shirt Gift Women Men,37.47,2026-01-20
That Wasn't Very Data Driven of You Data Analyst Teacher Unisex Shirt Gift Women Men,37.47,2026-01-20
That Wasn't Very Data Driven of You Data Analyst Teacher Unisex Shirt Gift Women Men,37.47,2026-01-20
That Wasn't Very Data Driven of You Data Analyst Teacher Unisex Shirt Gift Women Men,37.47,2026-01-20
That Wasn't Very Data Driven of You Data Analyst Teacher Unisex Shirt Gift Women Men,37.47,2026-01-20
That Wasn't Very Data Driven of You Data Analyst Teacher Unisex Shirt Gift Women Men,37.47,2026-01-20
That Wasn't Very Data Driven of You Data Analyst Teacher Unisex Shirt Gift Women Men,37.47,2026-01-20
That Wasn't Very Data Driven of You Data Analyst Teacher Unisex Shirt Gift Women Men,37.47,2026-01-20
That Wasn't Very Data Driven of You Data Analyst Teacher Unisex Shirt Gift Women Men,37.47,2026-01-20
That Wasn't Very Data Driven of You Data Analyst Teacher Unisex Shirt Gift Women Men,37.47,2026-01-20
That Wasn't Very Data Driven of You Data Analyst Teacher Unisex Shirt Gift Women Men,37.47,2026-01-20
